name,lat,lon,odo1,odo2,odo3,hgt,odo
10,23.92543706,72.35776615,33,92,100,87,100
20,23.92545064,72.35777027,33,93,101,87,101
30,23.9255569,72.35780307,42,106,114,87,114
40,23.92566465,72.3578361,44,127,134,87,134
50,23.92567413,72.35783894,58,155,162,87,162
60,23.92568482,72.35784212,82,204,212,87,212
70,23.92569533,72.35784526,84,209,216,87,216
80,23.92570384,72.3578478,90,220,228,87,228
90,23.92572706,72.35785464,96,233,240,87,240
100,23.92582779,72.3578967,127,280,287,87,287
110,23.9259183,72.3579467,149,325,332,87,332
120,23.92601787,72.35800181,173,374,380,87,380
130,23.92605023,72.35801967,181,389,396,87,396
140,23.92614301,72.35806961,203,435,441,87,441
150,23.92624362,72.35811189,226,482,489,87,489
160,23.92632578,72.35813822,245,519,526,87,526
170,23.92643332,72.35817231,269,568,575,87,575
180,23.92653749,72.35820553,293,616,623,87,623
190,23.92664128,72.35823838,317,663,670,87,670
200,23.92674941,72.35827257,341,712,719,87,719
210,23.92685279,72.35830536,365,760,767,87,767
230,23.92706033,72.35837044,412,854,862,87,862
240,23.92716391,72.35840291,436,901,909,87,909
250,23.92727024,72.35843598,460,950,957,87,957
260,23.92737318,72.35846798,484,997,1004,87,1004
270,23.92747618,72.35849997,507,1043,1051,87,1051
280,23.92757982,72.35853185,531,1091,1098,87,1098
290,23.9276783,72.35856231,553,1136,1143,87,1143
300,23.92778572,72.35859568,578,1184,1192,87,1192
310,23.92789403,72.3586292,602,1234,1242,87,1242
320,23.92800269,72.35866287,627,1283,1291,87,1291
330,23.9281017,72.35869384,649,1328,1337,87,1337
340,23.92820547,72.35872602,680,1376,1384,87,1384
350,23.92830934,72.35875815,712,1423,1431,87,1431
360,23.92841675,72.35879133,756,1472,1480,87,1480
370,23.92852027,72.35882328,781,1519,1527,87,1527
380,23.92862406,72.35885514,815,1566,1574,87,1574
390,23.92872761,72.35888699,847,1613,1621,87,1621
400,23.92883386,72.35891967,875,1661,1669,87,1669
410,23.92893762,72.35895176,898,1709,1717,87,1717
420,23.92904652,72.35898561,924,1758,1766,87,1766
430,23.92915431,72.3590193,949,1807,1815,87,1815
440,23.92926181,72.35905299,974,1856,1864,87,1864
450,23.92936487,72.35908508,998,1903,1911,87,1911
460,23.9294709,72.35911825,1023,1951,1959,87,1959
470,23.92957431,72.35915036,1055,1998,2006,87,2006
480,23.92968266,72.35918414,1104,2047,2056,87,2056
490,23.92978583,72.35921641,1151,2094,2103,87,2103
500,23.92988591,72.35924778,1195,2140,2148,87,2148
510,23.92999343,72.35928194,1225,2189,2197,87,2197
520,23.9300968,72.35931516,1252,2236,2245,87,2245
530,23.93020336,72.35934896,1277,2285,2293,87,2293
540,23.93025126,72.35936399,1289,2306,2315,87,2315
550,23.93030526,72.35938048,1301,2331,2340,87,2340
560,23.93036792,72.35939951,1319,2359,2368,87,2368
570,23.93046742,72.35943076,1341,2405,2413,87,2413
580,23.93057025,72.35946394,1366,2452,2461,87,2461
590,23.93065929,72.35949204,1390,2492,2501,87,2501
600,23.93075717,72.35952231,1413,2537,2546,87,2546
610,23.93086455,72.35955588,1440,2586,2595,87,2595
620,23.93096748,72.35958798,1468,2633,2642,87,2642
630,23.93107239,72.35962124,1500,2680,2690,87,2690
640,23.93117646,72.3596542,1528,2728,2737,87,2737
650,23.93128391,72.35968829,1556,2777,2786,87,2786
660,23.93139114,72.35972202,1584,2826,2835,87,2835
670,23.93149013,72.35975303,1608,2871,2880,87,2880
680,23.9315937,72.35978509,1632,2918,2927,87,2927
690,23.93169742,72.35981761,1656,2965,2975,87,2975
700,23.93180078,72.35984996,1680,3012,3022,87,3022
710,23.93190324,72.35988201,1703,3059,3069,87,3069
720,23.93199901,72.35991223,1725,3103,3113,87,3113
730,23.93210226,72.35994487,1749,3150,3160,87,3160
740,23.93220825,72.35997888,1773,3199,3208,87,3208
750,23.93231117,72.36001187,1797,3246,3255,87,3255
760,23.93241425,72.36004479,1821,3293,3302,87,3302
770,23.93251779,72.3600777,1845,3340,3350,87,3350
780,23.93261956,72.36011038,1868,3387,3397,87,3397
790,23.93271525,72.36014132,1890,3431,3441,87,3441
800,23.9327666,72.36015781,1901,3454,3464,87,3464
810,23.93286959,72.36019078,1925,3501,3511,87,3511
820,23.9329199,72.36020701,1936,3524,3534,87,3534
830,23.93302267,72.36024046,1975,3571,3581,87,3581
840,23.93312947,72.3602754,2024,3621,3630,87,3630
850,23.93323562,72.36030909,2072,3669,3679,87,3679
860,23.93333862,72.36034094,2102,3716,3726,87,3726
870,23.93344149,72.36037344,2126,3763,3773,87,3773
880,23.93354519,72.36040653,2151,3811,3821,87,3821
890,23.93364854,72.36043954,2175,3858,3868,87,3868
900,23.93375177,72.36047241,2203,3905,3915,87,3915
910,23.93385564,72.36050565,2228,3952,3963,87,3963
920,23.93395946,72.36053879,2252,3999,4010,87,4010
930,23.93406303,72.36057168,2275,4046,4057,87,4057
940,23.93416672,72.36060476,2299,4093,4105,87,4105
950,23.93427065,72.36063829,2330,4141,4152,87,4152
960,23.93437827,72.36067311,2360,4190,4201,87,4201
970,23.93448638,72.36070752,2392,4239,4251,87,4251
980,23.9345897,72.36074005,2417,4286,4298,87,4298
990,23.93469717,72.36077404,2452,4335,4347,87,4347
1000,23.93480525,72.36080818,2482,4383,4396,87,4396
1010,23.93490513,72.36083987,2519,4429,4442,87,4442
1020,23.9350047,72.36087162,2551,4475,4488,87,4488
1030,23.93511222,72.36090582,2600,4524,4537,87,4537
1040,23.93521953,72.36094058,2643,4573,4586,87,4586
1050,23.93532328,72.36097414,2682,4620,4633,87,4633
1060,23.935427,72.36100726,2715,4667,4681,87,4681
1070,23.93552994,72.36104017,2756,4714,4728,87,4728
1080,23.93563816,72.36107471,2785,4763,4777,87,4777
1090,23.93574155,72.36110748,2811,4811,4825,87,4825
1100,23.93584324,72.36114001,2834,4857,4871,87,4871
1110,23.93594628,72.36117339,2862,4904,4918,87,4918
1120,23.93604909,72.36120658,2889,4951,4965,87,4965
1130,23.93614959,72.36123885,2914,4996,5011,87,5011
1140,23.93624855,72.36127008,2937,5041,5056,87,5056
1150,23.9363566,72.36130356,2965,5090,5106,87,5106
1160,23.93646,72.36133519,2989,5137,5153,87,5153
1170,23.93656504,72.3613677,3013,5185,5201,87,5201
1180,23.93667277,72.36140182,3037,5234,5250,87,5250
1190,23.93677599,72.36143462,3061,5281,5297,87,5297
1200,23.93688208,72.36146838,3085,5329,5345,87,5345
1210,23.93698069,72.36149949,3107,5374,5390,87,5390
1220,23.93708414,72.361532,3131,5421,5438,87,5438
1230,23.93718812,72.36156506,3154,5468,5485,87,5485
1240,23.93728717,72.36159655,3177,5513,5530,87,5530
1250,23.93739108,72.36162937,3200,5560,5578,87,5578
1260,23.9374944,72.36166169,3226,5607,5625,87,5625
1270,23.93759806,72.36169423,3250,5655,5672,87,5672
1280,23.9377018,72.36172684,3277,5702,5719,87,5719
1290,23.93780571,72.36175972,3300,5749,5767,87,5767
1300,23.93791299,72.36179379,3325,5798,5816,87,5816
1310,23.9380166,72.36182653,3348,5845,5863,87,5863
1320,23.93811983,72.36185928,3372,5891,5910,87,5910
1330,23.93822726,72.36189331,3397,5940,5959,87,5959
1340,23.93833085,72.3619261,3422,5987,6006,87,6006
1350,23.93843137,72.36195802,3444,6033,6052,87,6052
1360,23.93852696,72.36198816,3471,6077,6096,87,6096
1370,23.93863054,72.3620207,3504,6124,6143,87,6143
1380,23.938734,72.36205331,3540,6171,6190,87,6190
1390,23.93883402,72.36208475,3573,6216,6236,87,6236
1400,23.93893751,72.36211685,3613,6263,6283,87,6283
1410,23.93904108,72.36214877,3643,6310,6330,87,6330
1420,23.93914147,72.36217973,3677,6355,6375,87,6375
1430,23.93924103,72.36221034,3705,6401,6421,87,6421
1440,23.93934471,72.36224225,3734,6448,6468,87,6468
1450,23.9394455,72.3622735,3761,6493,6514,87,6514
1460,23.93955309,72.36230717,3788,6542,6563,87,6563
1470,23.93966037,72.36234063,3812,6591,6611,87,6611
1480,23.939768,72.36237418,3837,6640,6660,87,6660
1490,23.93987596,72.36240784,3863,6689,6709,87,6709
1500,23.93997558,72.36243891,3887,6734,6755,87,6755
1510,23.94007941,72.36247121,3910,6781,6802,87,6802
1520,23.94018707,72.36250508,3935,6830,6851,87,6851
1530,23.94029504,72.36253904,3959,6879,6900,87,6900
1540,23.94040312,72.36257312,3984,6929,6949,87,6949
1550,23.94050704,72.3626055,4007,6976,6997,87,6997
1560,23.94061489,72.36263905,4032,7025,7046,87,7046
1570,23.94072322,72.36267295,4057,7074,7095,87,7095
1580,23.94082682,72.36270565,4080,7121,7142,87,7142
1590,23.94093084,72.36273854,4105,7168,7190,87,7190
1600,23.94103869,72.36277272,4132,7217,7239,87,7239
1610,23.94114202,72.36280531,4158,7264,7286,87,7286
1620,23.94124582,72.3628379,4182,7312,7333,87,7333
1630,23.94135296,72.36287152,4210,7361,7382,87,7382
1640,23.94146076,72.36290512,4234,7410,7431,87,7431
1650,23.94156439,72.36293777,4258,7457,7479,87,7479
1660,23.94167215,72.36297204,4282,7506,7528,87,7528
1670,23.94177583,72.36300533,4306,7553,7575,87,7575
1680,23.94188275,72.36303972,4330,7602,7624,87,7624
1690,23.94198647,72.36307327,4354,7649,7671,87,7671
1700,23.94208928,72.36310647,4377,7695,7718,87,7718
1710,23.94219701,72.3631411,4402,7745,7767,87,7767
1720,23.94230483,72.36317579,4427,7794,7817,87,7817
1730,23.94241262,72.36321024,4456,7843,7866,87,7866
1740,23.94252036,72.36324445,4482,7891,7915,87,7915
1750,23.94262395,72.36327737,4508,7939,7962,87,7962
1760,23.94272784,72.36331032,4534,7986,8009,87,8009
1770,23.94283602,72.36334443,4559,8035,8059,87,8059
1780,23.94294382,72.36337827,4588,8084,8108,87,8108
1790,23.94304789,72.36341104,4614,8131,8156,87,8156
1800,23.94315189,72.36344366,4640,8178,8203,87,8203
1810,23.94325602,72.36347608,4665,8226,8250,87,8250
1820,23.94335543,72.36350718,4689,8271,8296,87,8296
1830,23.94345661,72.36353865,4713,8317,8342,87,8342
1840,23.94355985,72.36357117,4736,8364,8389,87,8389
1850,23.94366319,72.36360362,4760,8411,8436,87,8436
1860,23.94377118,72.36363792,4784,8460,8485,87,8485
1870,23.94387844,72.36367209,4808,8508,8534,87,8534
1880,23.94398626,72.36370671,4833,8558,8583,87,8583
1890,23.9440899,72.36373999,4857,8605,8630,87,8630
1900,23.94419296,72.36377301,4880,8652,8677,87,8677
1910,23.94429398,72.36380496,4903,8697,8723,87,8723
1920,23.94437814,72.36383139,4922,8736,8761,87,8761
1930,23.94448212,72.36386399,4946,8783,8808,87,8808
1940,23.94453358,72.36388017,4957,8806,8832,87,8832
1950,23.94463316,72.36391129,4981,8852,8877,87,8877
1960,23.94465952,72.36391936,4988,8863,8889,87,8889
1970,23.94476335,72.36395156,5013,8910,8936,87,8936
1980,23.94486693,72.36398392,5038,8957,8983,87,8983
1990,23.9449594,72.36401323,5060,8999,9025,87,9025
2000,23.94506519,72.364047,5085,9047,9074,87,9074
2010,23.94516898,72.36407991,5109,9095,9121,87,9121
2020,23.94527207,72.36411231,5133,9142,9168,87,9168
2030,23.94537538,72.36414482,5157,9188,9215,87,9215
2040,23.94548357,72.36417868,5182,9237,9264,87,9264
2050,23.94558663,72.36421108,5206,9284,9311,87,9311
2060,23.94569358,72.36424469,5230,9333,9360,87,9360
2070,23.94579693,72.36427719,5253,9380,9408,87,9408
2080,23.94590522,72.36431092,5278,9429,9457,87,9457
2090,23.9460131,72.36434479,5303,9479,9506,87,9506
2100,23.94611601,72.36437687,5327,9526,9553,87,9553
2110,23.94621773,72.36440848,5350,9572,9600,87,9600
2120,23.94631764,72.36443942,5373,9617,9645,87,9645
2130,23.94642604,72.36447279,5397,9666,9695,87,9695
2140,23.94652949,72.36450489,5421,9713,9742,87,9742
2150,23.94663731,72.36453845,5445,9762,9791,87,9791
2160,23.946741,72.36457076,5469,9809,9838,87,9838
2170,23.94684896,72.36460445,5494,9858,9887,87,9887
2180,23.94695193,72.36463622,5517,9905,9934,87,9934
2190,23.94705982,72.36466981,5541,9954,9983,87,9983
2200,23.94716352,72.3647023,5565,10001,10030,87,10030
2210,23.94727155,72.36473587,5589,10050,10079,87,10079
2220,23.94737581,72.36476793,5610,10097,10126,87,10126
2230,23.94747974,72.36480013,5632,10144,10173,87,10173
2240,23.94758386,72.36483231,5655,10191,10220,87,10220
2250,23.94768694,72.36486472,5674,10238,10267,87,10267
2260,23.94779036,72.36489758,5677,10285,10314,87,10314
2270,23.94789833,72.36493211,5702,10335,10363,87,10363
2280,23.94799733,72.36496371,5724,10380,10407,87,10407
2290,23.94810443,72.36499806,5749,10429,10456,87,10456
2300,23.94821027,72.36503214,5774,10477,10503,87,10503
2310,23.9483132,72.36506554,5797,10524,10550,87,10550
2320,23.94842031,72.36510038,5821,10573,10598,87,10598
2330,23.94852797,72.36513535,5846,10622,10647,87,10647
2340,23.94863155,72.36516861,5870,10669,10694,87,10694
2350,23.94873444,72.36520191,5895,10716,10740,87,10740
2360,23.94883783,72.3652349,5918,10763,10787,87,10787
2370,23.94894148,72.36526792,5942,10810,10834,87,10834
2380,23.94904901,72.36530197,5966,10859,10883,87,10883
2390,23.9491524,72.36533481,5990,10906,10929,87,10929
2400,23.94925185,72.36536639,6012,10952,10974,87,10974
2410,23.94936044,72.36540047,6037,11001,11023,87,11023
2420,23.94946398,72.36543309,6060,11048,11070,87,11070
2430,23.94957196,72.36546715,6085,11098,11119,87,11119
2440,23.9496755,72.36549987,6109,11145,11166,87,11166
2450,23.94978356,72.36553388,6134,11194,11215,87,11215
2460,23.94988796,72.36556644,6158,11242,11262,87,11262
2470,23.94999647,72.36560027,6182,11292,11311,87,11311
2480,23.95010006,72.36563252,6207,11338,11357,87,11357
2490,23.95020898,72.36566652,6231,11388,11407,87,11407
2500,23.95031694,72.36570008,6258,11437,11456,87,11456
2510,23.95042078,72.36573216,6281,11484,11503,87,11503
2520,23.95052459,72.36576446,6310,11532,11551,87,11551
2530,23.95062803,72.36579701,6333,11579,11598,87,11598
2540,23.95073588,72.36583105,6358,11628,11647,87,11647
2550,23.95083933,72.36586374,6393,11675,11694,87,11694
2560,23.95094682,72.36589787,6442,11724,11743,87,11743
2570,23.95105502,72.36593225,6491,11773,11793,87,11793
2580,23.95116278,72.36596564,6540,11822,11842,87,11842
2590,23.95126652,72.36599689,6587,11869,11889,87,11889
2600,23.95137088,72.36602596,6630,11916,11936,87,11936
2610,23.95147581,72.36605149,6669,11963,11983,87,11983
2620,23.95158156,72.36607729,6716,12011,12031,87,12031
2630,23.95168228,72.36610224,6761,12056,12076,87,12076
2640,23.95178851,72.36612863,6809,12104,12124,87,12124
2650,23.95189041,72.36615359,6854,12149,12170,87,12170
2660,23.95199463,72.36617888,6901,12196,12216,87,12216
2670,23.95209943,72.36620454,6935,12243,12264,87,12264
2680,23.95220474,72.36623003,6970,12290,12311,87,12311
2690,23.95225621,72.36624257,6984,12313,12334,87,12334
2700,23.9523612,72.36626821,7011,12360,12381,87,12381
2710,23.95246571,72.36629386,7046,12407,12428,87,12428
2720,23.95257069,72.36631933,7071,12454,12475,87,12475
2730,23.95267561,72.36634486,7101,12501,12522,87,12522
2740,23.95278105,72.36637034,7127,12548,12570,87,12570
2750,23.95288608,72.36639531,7153,12595,12617,87,12617
2760,23.95299105,72.36641999,7177,12642,12664,87,12664
2770,23.95309575,72.36644521,7204,12689,12711,87,12711
2780,23.95320047,72.36647011,7230,12736,12758,87,12758
2790,23.95330527,72.36649486,7254,12783,12805,87,12805
2800,23.95341076,72.36651999,7283,12831,12852,87,12852
2810,23.95352032,72.36654592,7310,12879,12901,87,12901
2820,23.95363051,72.3665721,7338,12929,12950,87,12950
2830,23.95373585,72.36659777,7368,12976,12998,87,12998
2840,23.95384061,72.36662362,7391,13023,13044,87,13044
2850,23.95394609,72.36665011,7415,13070,13091,87,13091
2860,23.95403342,72.36667215,7434,13110,13131,87,13131
2870,23.9541359,72.36669781,7457,13156,13176,87,13176
2880,23.95424029,72.36672368,7481,13203,13224,87,13224
2890,23.95434569,72.36674965,7505,13250,13270,87,13270
2900,23.95445103,72.36677517,7531,13297,13317,87,13317
2910,23.95455617,72.36680048,7555,13344,13364,87,13364
2920,23.95466162,72.3668257,7596,13391,13411,87,13411
2930,23.95476583,72.36685074,7630,13438,13457,87,13457
2940,23.95487502,72.36687722,7658,13487,13506,87,13506
2950,23.9549795,72.36690257,7697,13533,13553,87,13553
2960,23.95508866,72.36692928,7726,13582,13602,87,13602
2970,23.95519795,72.3669561,7751,13632,13651,87,13651
2980,23.955302,72.36698162,7778,13678,13697,87,13697
2990,23.95540688,72.3670072,7807,13725,13745,87,13745
3000,23.95551188,72.36703274,7845,13773,13792,87,13792
3010,23.95561713,72.36705852,7885,13820,13840,87,13840
3020,23.95571309,72.36708218,7925,13863,13883,87,13883
3030,23.955821,72.36710829,7967,13911,13931,87,13931
3040,23.95592885,72.36713429,8014,13960,13980,87,13980
3050,23.95603404,72.36715989,8053,14007,14027,87,14027
3060,23.95614003,72.36718581,8087,14054,14075,87,14075
3070,23.95624494,72.36721136,8113,14101,14122,87,14122
3080,23.95634275,72.36723539,8141,14145,14166,87,14166
3090,23.95645185,72.36726204,8165,14194,14215,87,14215
3100,23.95655271,72.36728685,8188,14239,14261,87,14261
3110,23.95665383,72.36731165,8211,14285,14306,87,14306
3120,23.95675839,72.3673373,8235,14332,14353,87,14353
3130,23.95686731,72.36736403,8259,14380,14402,87,14402
3140,23.9569763,72.36739062,8284,14429,14451,87,14451
3150,23.95708099,72.36741604,8308,14476,14498,87,14498
3160,23.95718545,72.36744116,8331,14523,14545,87,14545
3170,23.95729059,72.36746671,8355,14570,14592,87,14592
3180,23.95739564,72.36749241,8378,14617,14640,87,14640
3190,23.95750515,72.36751949,8403,14666,14689,87,14689
3200,23.95761016,72.36754557,8427,14713,14736,87,14736
3210,23.95770877,72.36757041,8450,14758,14780,87,14780
3220,23.95781786,72.36759775,8476,14806,14829,87,14829
3230,23.95792689,72.36762566,8500,14855,14878,87,14878
3240,23.95803199,72.36765291,8524,14903,14925,87,14925
3250,23.95813362,72.36767857,8548,14948,14971,87,14971
3260,23.95823886,72.36770398,8572,14995,15018,87,15018
3270,23.95833915,72.36772765,8595,15040,15062,87,15062
3280,23.95844865,72.36775426,8619,15089,15112,87,15112
3290,23.9585577,72.36778125,8644,15137,15160,87,15160
3300,23.95866278,72.36780757,8667,15185,15207,87,15207
3310,23.95876757,72.36783384,8691,15232,15255,87,15255
3320,23.95887241,72.36786005,8715,15279,15302,87,15302
3330,23.95897618,72.36788582,8739,15325,15348,87,15348
3340,23.95908481,72.36791303,8764,15374,15397,87,15397
3350,23.95918923,72.36793946,8788,15421,15444,87,15444
3360,23.95929453,72.3679661,8811,15468,15491,87,15491
3370,23.95939986,72.36799275,8835,15516,15539,87,15539
3380,23.95950468,72.36801914,8858,15563,15586,87,15586
3390,23.9596133,72.36804578,8882,15612,15634,87,15634
3400,23.95969654,72.36806651,8902,15650,15672,87,15672
3410,23.95980555,72.36809412,8928,15699,15721,87,15721
3420,23.95990996,72.36812076,8951,15746,15768,87,15768
3430,23.96001411,72.36814715,8975,15792,15815,87,15815
3440,23.96011885,72.36817348,8998,15839,15862,87,15862
3450,23.96022449,72.36819948,9022,15887,15910,87,15910
3460,23.96032943,72.36822517,9046,15934,15957,87,15957
3470,23.96043883,72.36825162,9070,15983,16006,87,16006
3480,23.96054814,72.36827782,9095,16032,16055,87,16055
3490,23.96065324,72.36830315,9119,16079,16102,87,16102
3500,23.96076266,72.3683297,9144,16128,16151,87,16151
3510,23.96086358,72.36835421,9166,16173,16196,87,16196
3520,23.96096902,72.36837977,9190,16220,16244,87,16244
3530,23.96107845,72.36840637,9214,16269,16293,87,16293
3540,23.9611839,72.36843195,9238,16316,16340,87,16340
3550,23.96128913,72.36845714,9262,16363,16387,87,16387
3560,23.96139834,72.36848363,9286,16412,16436,87,16436
3570,23.96150322,72.36850939,9299,16459,16483,87,16483
3580,23.96161221,72.36853642,9309,16508,16531,87,16531
3590,23.96171762,72.36856252,9316,16555,16578,87,16578
3600,23.96181951,72.36858761,9338,16601,16624,87,16624
3610,23.96192501,72.36861337,9362,16649,16670,87,16670
3620,23.96203429,72.36864029,9387,16698,16719,87,16719
3630,23.9621392,72.36866602,9409,16745,16766,87,16766
3640,23.9622358,72.36868982,9431,16788,16809,87,16809
3650,23.96233913,72.36871515,9454,16835,16856,87,16856
3660,23.96244252,72.36874019,9477,16881,16903,87,16903
3670,23.96254784,72.36876584,9501,16928,16950,87,16950
3680,23.96265696,72.36879238,9525,16977,16999,87,16999
3690,23.96276177,72.36881769,9549,17024,17046,87,17046
3700,23.9628667,72.36884264,9574,17071,17093,87,17093
3710,23.96296908,72.36886738,9598,17117,17139,87,17139
3720,23.96307487,72.36889346,9621,17165,17187,87,17187
3730,23.96318461,72.36892036,9646,17214,17236,87,17236
3740,23.9632941,72.36894706,9670,17263,17285,87,17285
3750,23.96339925,72.36897278,9700,17310,17333,87,17333
3760,23.96350867,72.3689995,9749,17360,17382,87,17382
3770,23.96361395,72.36902507,9796,17407,17429,87,17429
3780,23.96371549,72.36904977,9842,17452,17475,87,17475
3790,23.96382055,72.36907564,9889,17500,17522,87,17522
3800,23.96392914,72.36910209,9937,17548,17571,87,17571
3810,23.96403801,72.36912883,9986,17597,17620,87,17620
3820,23.96414743,72.36915574,10032,17646,17669,87,17669
3830,23.96425727,72.36918266,10062,17695,17718,87,17718
3840,23.9643621,72.36920852,10103,17742,17765,87,17765
3850,23.96447129,72.36923533,10135,17792,17814,87,17814
3860,23.96457732,72.36926133,10162,17839,17862,87,17862
3870,23.96468259,72.36928695,10190,17886,17909,87,17909
3880,23.96478773,72.36931261,10213,17933,17956,87,17956
3890,23.9648927,72.3693386,10238,17981,18004,87,18004
3900,23.9649976,72.3693645,10262,18028,18051,87,18051
3910,23.96510182,72.36939044,10287,18074,18098,87,18098
3920,23.9651921,72.36941269,10309,18115,18138,87,18138
3930,23.9652873,72.36943621,10330,18158,18181,87,18181
3940,23.96539205,72.36946207,10356,18205,18228,87,18228
3950,23.96549715,72.36948779,10381,18252,18276,87,18276
3960,23.9656027,72.36951345,10406,18299,18323,87,18323
3970,23.96570809,72.3695388,10433,18346,18370,87,18370
3980,23.96581347,72.36956491,10459,18394,18418,87,18418
3990,23.96592274,72.36959167,10495,18443,18467,87,18467
4000,23.96602758,72.36961711,10521,18490,18514,87,18514
4010,23.96613433,72.36964304,10548,18537,18562,87,18562
4020,23.96623986,72.36966897,10573,18585,18610,87,18610
4030,23.96634915,72.36969581,10599,18634,18659,87,18659
4040,23.96645866,72.36972299,10623,18683,18708,87,18708
4050,23.96656814,72.36974976,10650,18732,18758,87,18758
4060,23.9666773,72.36977625,10675,18781,18807,87,18807
4070,23.96678285,72.36980245,10699,18829,18854,87,18854
4080,23.96689067,72.36983001,10734,18877,18903,87,18903
4090,23.96699938,72.36985846,10759,18926,18952,87,18952
4100,23.96709985,72.36988377,10784,18971,18997,87,18997
4110,23.96711859,72.3698885,10788,18980,19006,87,19006
4120,23.96720195,72.36990943,10818,19017,19043,87,19043
4130,23.96730788,72.36993555,10847,19065,19091,87,19091
4140,23.96741731,72.36996168,10876,19114,19140,87,19140
4150,23.96752228,72.36998693,10903,19161,19188,87,19188
4160,23.9676273,72.37001299,10931,19208,19235,87,19235
4170,23.96773254,72.37003929,10961,19256,19282,87,19282
4180,23.96783817,72.3700654,10988,19303,19329,87,19329
4190,23.967941,72.37009062,11028,19349,19376,87,19376
4200,23.96804604,72.37011681,11061,19396,19422,87,19422
4210,23.968152,72.3701421,11094,19443,19470,87,19470
4220,23.96825716,72.37016674,11138,19490,19517,87,19517
4230,23.96836307,72.37019059,11178,19537,19565,87,19565
4240,23.96847011,72.37020278,11215,19585,19612,87,19612
4250,23.96857812,72.37020803,11249,19632,19659,87,19659
4260,23.96868504,72.3702148,11275,19679,19706,87,19706
4270,23.96878698,72.37022289,11300,19723,19751,87,19751
4280,23.96889457,72.37023176,11324,19771,19798,87,19798
4290,23.96900483,72.37023968,11348,19819,19846,87,19846
4300,23.96911652,72.37024629,11373,19868,19896,87,19896
4310,23.96922826,72.3702525,11397,19917,19945,87,19945
4320,23.96933515,72.37025976,11421,19964,19992,87,19992
4330,23.96944338,72.37026745,11444,20011,20039,87,20039
4340,23.96955559,72.37027552,11469,20060,20088,87,20088
4350,23.96966319,72.37028302,11490,20107,20135,87,20135
4360,23.96977163,72.3702907,11514,20155,20183,87,20183
4370,23.96988105,72.37029882,11538,20203,20231,87,20231
4380,23.96998856,72.37030692,11561,20250,20278,87,20278
4390,23.97010013,72.37031529,11587,20298,20327,87,20327
4400,23.97021198,72.37032389,11611,20347,20377,87,20377
4410,23.97031908,72.37033191,11635,20394,20424,87,20424
4420,23.97042693,72.37034013,11658,20441,20471,87,20471
4430,23.97053031,72.37034783,11681,20487,20516,87,20516
4440,23.97063326,72.37035572,11703,20532,20562,87,20562
4450,23.97074506,72.37036382,11728,20580,20611,87,20611
4460,23.97085215,72.37037129,11746,20627,20657,87,20657
4470,23.97096397,72.37037871,11771,20676,20706,87,20706
4480,23.97107472,72.37038607,11792,20725,20755,87,20755
4490,23.97118183,72.37039346,11805,20772,20802,87,20802
4500,23.97128918,72.37040068,11826,20819,20849,87,20849
4510,23.97139657,72.3704076,11846,20866,20896,87,20896
4520,23.97150439,72.37041438,11866,20913,20944,87,20944
4530,23.97161082,72.37042104,11888,20959,20991,87,20991
4540,23.97171787,72.37042813,11907,21006,21037,87,21037
4550,23.97181469,72.37043483,11921,21049,21080,87,21080
4560,23.97191726,72.37044212,11942,21094,21125,87,21125
4570,23.97202492,72.37044946,11956,21141,21172,87,21172
4580,23.97213816,72.37045681,11976,21190,21221,87,21221
4590,23.97224669,72.37046396,11985,21238,21268,87,21268
4600,23.97234984,72.37047057,12007,21283,21313,87,21313
4610,23.97245379,72.37047641,12031,21329,21358,87,21358
4620,23.97256139,72.37048452,12055,21376,21405,87,21405
4630,23.97266854,72.37049291,12079,21423,21452,87,21452
4640,23.97277139,72.37050045,12101,21469,21498,87,21498
4650,23.97279505,72.3705021,12106,21479,21508,87,21508
4660,23.9728839,72.3705081,12126,21518,21547,87,21547
4670,23.97299214,72.37051468,12149,21565,21594,87,21594
4680,23.97310003,72.37052016,12173,21612,21642,87,21642
4690,23.97320827,72.37052546,12196,21660,21689,87,21689
4700,23.97331077,72.37053124,12219,21705,21734,87,21734
4710,23.9734181,72.37053783,12242,21751,21781,87,21781
4720,23.97352999,72.37054461,12267,21801,21830,87,21830
4730,23.97363743,72.37055121,12314,21848,21878,87,21878
4740,23.97374448,72.37055779,12361,21895,21925,87,21925
4750,23.9738544,72.37056475,12409,21943,21973,87,21973
4760,23.97396571,72.37057166,12438,21992,22022,87,22022
4770,23.97407279,72.37057846,12463,22039,22069,87,22069
4780,23.97417638,72.37058482,12485,22084,22115,87,22115
4790,23.97428385,72.3705909,12511,22132,22162,87,22162
4800,23.97439692,72.37059698,12547,22181,22212,87,22212
4810,23.97450464,72.37060262,12574,22229,22259,87,22259
4820,23.97461211,72.37060801,12599,22276,22306,87,22306
4830,23.97471967,72.37061342,12623,22323,22354,87,22354
4840,23.97482787,72.3706194,12649,22370,22401,87,22401
4850,23.97493577,72.37062572,12683,22417,22448,87,22448
4860,23.9750442,72.37063258,12729,22464,22496,87,22496
4870,23.97515189,72.37063925,12771,22512,22544,87,22544
4880,23.97525949,72.37064604,12818,22559,22591,87,22591
4890,23.97536727,72.37065344,12864,22606,22638,87,22638
4900,23.97547494,72.37066088,12911,22653,22686,87,22686
4910,23.97558304,72.3706682,12957,22700,22733,87,22733
4920,23.97569054,72.37067597,13000,22748,22781,87,22781
4930,23.97580265,72.37068444,13043,22797,22830,87,22830
4940,23.97591515,72.37069305,13078,22846,22879,87,22879
4950,23.97600325,72.37069928,13099,22885,22918,87,22918
4960,23.97611133,72.37070735,13125,22932,22966,87,22966
4970,23.97621407,72.37071532,13148,22977,23011,87,23011
4980,23.97632136,72.37072329,13176,23024,23058,87,23058
4990,23.97642876,72.37073142,13206,23071,23106,87,23106
5000,23.97654019,72.37073976,13233,23120,23155,87,23155
5010,23.97664337,72.37074771,13256,23165,23200,87,23200
5020,23.97675539,72.3707564,13283,23214,23249,87,23249
5030,23.97686719,72.37076562,13308,23263,23299,87,23299
5040,23.97697508,72.37077461,13332,23310,23346,87,23346
5050,23.97708796,72.37078391,13357,23360,23396,87,23396
5060,23.97719371,72.37079239,13382,23406,23442,87,23442
5070,23.97730101,72.37080094,13407,23453,23489,87,23489
5080,23.97740934,72.37080895,13431,23500,23537,87,23537
5090,23.97751654,72.37081678,13466,23547,23584,87,23584
5100,23.97762352,72.37082445,13496,23594,23630,87,23630
5110,23.97773089,72.37083222,13521,23641,23678,87,23678
5120,23.97782463,72.37083895,13552,23682,23719,87,23719
5130,23.97793681,72.37084758,13583,23731,23768,87,23768
5140,23.97803911,72.37085571,13619,23776,23813,87,23813
5150,23.97814668,72.37086408,13645,23823,23860,87,23860
5160,23.97825229,72.37087233,13671,23869,23907,87,23907
5170,23.97835959,72.37088063,13694,23916,23954,87,23954
5180,23.97846209,72.37088844,13717,23961,23998,87,23998
5190,23.97857464,72.37089687,13741,24010,24048,87,24048
5200,23.97867348,72.37090423,13764,24054,24091,87,24091
5210,23.97878118,72.37091233,13787,24101,24138,87,24138
5220,23.97888898,72.37092065,13811,24148,24185,87,24185
5230,23.979001,72.37092934,13839,24197,24234,87,24234
5240,23.97910876,72.3709376,13864,24244,24281,87,24281
5250,23.97921178,72.37094545,13891,24289,24326,87,24326
5260,23.97932338,72.37095364,13926,24338,24375,87,24375
5270,23.97943472,72.37096171,13962,24387,24424,87,24424
5280,23.97954673,72.37096978,13988,24436,24473,87,24473
5290,23.97965091,72.37097712,14012,24482,24519,87,24519
5300,23.97975425,72.37098466,14035,24527,24564,87,24564
5310,23.97985679,72.37099214,14057,24572,24609,87,24609
5320,23.97995614,72.37099963,14081,24616,24653,87,24653
5330,23.9800635,72.3710081,14105,24663,24700,87,24700
5340,23.98017192,72.37101662,14128,24710,24748,87,24748
5350,23.9802793,72.37102489,14154,24757,24795,87,24795
5360,23.98038262,72.37103259,14179,24803,24840,87,24840
5370,23.98049429,72.37104088,14205,24851,24889,87,24889
5380,23.98060193,72.37104887,14229,24899,24936,87,24936
5390,23.98070914,72.37105676,14253,24946,24984,87,24984
5400,23.98082051,72.37106471,14277,24995,25032,87,25032
5410,23.98092812,72.37107232,14301,25042,25080,87,25080
5420,23.98103571,72.37108006,14324,25089,25127,87,25127
5430,23.98114312,72.37108808,14348,25136,25174,87,25174
5440,23.98125012,72.37109559,14371,25183,25221,87,25221
5450,23.98135815,72.37110297,14395,25230,25269,87,25269
5460,23.98145893,72.37111019,14417,25274,25313,87,25313
5470,23.98156618,72.37111783,14441,25322,25360,87,25360
5480,23.98166742,72.37112525,14463,25366,25405,87,25405
5490,23.98177527,72.37113323,14486,25413,25452,87,25452
5500,23.9818876,72.37114108,14512,25462,25502,87,25502
5510,23.98199506,72.37114851,14536,25509,25549,87,25549
5520,23.98210268,72.37115586,14559,25556,25596,87,25596
5530,23.98221028,72.37116321,14583,25604,25644,87,25644
5540,23.98231821,72.37117037,14606,25651,25691,87,25691
5550,23.98242582,72.37117779,14624,25698,25738,87,25738
5560,23.98253336,72.37118512,14644,25745,25785,87,25785
5570,23.98264136,72.37119291,14668,25792,25833,87,25833
5580,23.98275318,72.37120085,14691,25842,25882,87,25882
5590,23.98286067,72.37120852,14711,25889,25928,87,25928
5600,23.98296434,72.37121624,14718,25934,25973,87,25973
5610,23.98307152,72.37122437,14735,25981,26020,87,26020
5620,23.98317884,72.37123211,14739,26028,26067,87,26067
5630,23.98328679,72.37124003,14760,26075,26114,87,26114
5640,23.98339944,72.37124806,14786,26124,26163,87,26163
5650,23.98351119,72.371256,14810,26173,26211,87,26211
5660,23.98362304,72.37126408,14835,26222,26260,87,26260
5670,23.98373242,72.37127202,14859,26270,26307,87,26307
5680,23.98383982,72.3712799,14882,26317,26354,87,26354
5690,23.98394744,72.37128728,14906,26365,26401,87,26401
5700,23.98405525,72.37129505,14931,26412,26448,87,26448
5710,23.98413753,72.37130094,14949,26448,26484,87,26484
5720,23.98424984,72.37130886,14973,26497,26532,87,26532
5730,23.98435178,72.37131589,14996,26542,26576,87,26576
5740,23.98446433,72.37132348,15020,26591,26625,87,26625
5750,23.98456494,72.37133019,15042,26635,26669,87,26669
5760,23.98467256,72.37133752,15066,26682,26716,87,26716
5770,23.98478044,72.37134495,15092,26729,26763,87,26763
5780,23.98488871,72.37135255,15116,26776,26810,87,26810
5790,23.98499988,72.37136043,15145,26824,26858,87,26858
5800,23.98510718,72.37136776,15169,26872,26906,87,26906
5810,23.98521057,72.37137468,15191,26917,26952,87,26952
5820,23.98531899,72.37138186,15215,26965,26999,87,26999
5830,23.98542718,72.37138946,15261,27012,27046,87,27046
5840,23.98553484,72.37139713,15291,27059,27094,87,27094
5850,23.98564273,72.37140471,15315,27106,27141,87,27141
5860,23.98575068,72.37141234,15338,27154,27188,87,27188
5870,23.98585895,72.37142006,15362,27201,27236,87,27236
5880,23.9859624,72.37142752,15384,27246,27281,87,27281
5890,23.98606589,72.37143471,15408,27291,27326,87,27326
5900,23.98617311,72.37144217,15431,27338,27373,87,27373
5910,23.98628642,72.37144999,15457,27388,27423,87,27423
5920,23.98639878,72.37145778,15481,27437,27472,87,27472
5930,23.98650251,72.37146517,15507,27482,27518,87,27518
5940,23.98660494,72.37147254,15538,27527,27562,87,27562
5950,23.98671671,72.37148057,15571,27576,27611,87,27611
5960,23.98682831,72.37148864,15599,27625,27660,87,27660
5970,23.98693672,72.37149645,15631,27672,27708,87,27708
5980,23.98704454,72.37150395,15668,27720,27755,87,27755
5990,23.98714756,72.37151129,15706,27765,27799,87,27799
6000,23.9872548,72.37151903,15752,27812,27846,87,27846
6010,23.98736606,72.37152745,15797,27861,27895,87,27895
6020,23.98747735,72.37153591,15840,27909,27944,87,27944
6030,23.98758925,72.37154434,15885,27958,27994,87,27994
6040,23.9876966,72.37155208,15927,28006,28041,87,28041
6050,23.98780897,72.37156027,15967,28055,28090,87,28090
6060,23.98791169,72.37156786,16007,28100,28135,87,28135
6070,23.98801617,72.37157577,16046,28146,28181,87,28181
6080,23.98812401,72.37158369,16079,28193,28229,87,28229
6090,23.98823158,72.37159094,16114,28240,28276,87,28276
6100,23.9883394,72.37159861,16142,28287,28323,87,28323
6110,23.98843988,72.37160864,16174,28332,28368,87,28368
6120,23.98854949,72.37163238,16205,28380,28417,87,28417
6130,23.9886513,72.37167247,16232,28427,28464,87,28464
6140,23.98874545,72.37172012,16258,28473,28509,87,28509
6150,23.98876226,72.37172873,16262,28481,28517,87,28517
6160,23.98884836,72.3717736,16295,28523,28559,87,28559
6170,23.98894605,72.37182403,16335,28570,28606,87,28606
6180,23.98904629,72.3718751,16361,28618,28654,87,28654
6190,23.98914398,72.37192438,16387,28665,28701,87,28701
6200,23.98924187,72.37197375,16412,28713,28748,87,28748
6210,23.98933533,72.37202076,16435,28758,28793,87,28793
6220,23.98943642,72.37207176,16460,28806,28842,87,28842
6230,23.98953402,72.3721211,16485,28854,28889,87,28889
6240,23.98963207,72.37217075,16520,28901,28936,87,28936
6250,23.98973122,72.37222125,16558,28949,28984,87,28984
6260,23.98982851,72.37227093,16592,28996,29031,87,29031
6270,23.9899207,72.37231795,16622,29040,29075,87,29075
6280,23.99002085,72.37236911,16657,29089,29124,87,29124
6290,23.99011819,72.37241871,16686,29136,29171,87,29171
6300,23.99021282,72.37246685,16715,29181,29216,87,29216
6310,23.99031054,72.37251678,16739,29229,29263,87,29263
6320,23.99041197,72.37256831,16764,29278,29312,87,29312
6330,23.99051352,72.37261985,16788,29327,29361,87,29361
6340,23.99061058,72.37266931,16813,29373,29408,87,29408
6350,23.99070808,72.37271965,16844,29421,29455,87,29455
6360,23.99080493,72.37276976,16876,29467,29501,87,29501
6370,23.99090265,72.3728204,16903,29515,29549,87,29549
6380,23.99100404,72.37287291,16933,29564,29598,87,29598
6390,23.99110094,72.37292295,16960,29611,29644,87,29644
6400,23.99119843,72.37297318,16999,29658,29692,87,29692
6410,23.99129585,72.37302356,17029,29705,29739,87,29739
6420,23.99139694,72.37307616,17054,29754,29788,87,29788
6430,23.99149782,72.37312858,17082,29803,29837,87,29837
6440,23.99159905,72.37318131,17108,29852,29886,87,29886
6450,23.99170049,72.37323407,17135,29901,29935,87,29935
6460,23.99180228,72.37328729,17163,29951,29985,87,29985
6470,23.99189963,72.37333813,17196,29998,30032,87,30032
6480,23.99199417,72.37338733,17221,30044,30078,87,30078
6490,23.99209625,72.37344042,17252,30093,30128,87,30128
6500,23.99219518,72.37349233,17277,30141,30176,87,30176
6510,23.99229029,72.37354256,17300,30187,30222,87,30222
6520,23.99238776,72.37359454,17324,30235,30270,87,30270
6530,23.99248073,72.37364437,17347,30280,30315,87,30315
6540,23.99257282,72.37369382,17369,30326,30360,87,30360
6550,23.99267326,72.3737479,17394,30375,30409,87,30409
6560,23.99276965,72.37379971,17417,30422,30457,87,30457
6570,23.99286622,72.37385153,17441,30469,30504,87,30504
6580,23.99296295,72.37390323,17464,30516,30551,87,30551
6590,23.99305955,72.37395516,17488,30563,30598,87,30598
6600,23.99316002,72.37400909,17512,30612,30647,87,30647
6610,23.99325625,72.37406048,17536,30659,30694,87,30694
6620,23.99335682,72.37411384,17553,30707,30743,87,30743
6630,23.9934544,72.37416501,17569,30755,30790,87,30790
6640,23.99355495,72.3742175,17574,30804,30839,87,30839
6650,23.99365627,72.37427005,17597,30853,30888,87,30888
6660,23.99375351,72.37432039,17620,30900,30934,87,30934
6670,23.99385084,72.37437084,17636,30947,30981,87,30981
6680,23.99394812,72.37442107,17657,30994,31028,87,31028
6690,23.99404571,72.37447104,17681,31041,31075,87,31075
6700,23.9941409,72.37451994,17704,31087,31120,87,31120
6710,23.99423832,72.37457025,17728,31134,31167,87,31167
6720,23.99433522,72.37462051,17752,31181,31214,87,31214
6730,23.99443271,72.374671,17799,31228,31261,87,31261
6740,23.99452824,72.37472046,17845,31275,31307,87,31307
6750,23.99462523,72.3747708,17892,31322,31354,87,31354
6760,23.99472226,72.374821,17939,31369,31401,87,31401
6770,23.99481941,72.37487107,17984,31416,31448,87,31448
6780,23.99491756,72.37492175,18031,31464,31495,87,31495
6790,23.99501487,72.37497232,18077,31511,31542,87,31542
6800,23.99511163,72.37502278,18124,31558,31589,87,31589
6810,23.99521272,72.37507501,18173,31607,31637,87,31637
6820,23.99531388,72.37512768,18222,31656,31686,87,31686
6830,23.995411,72.37517849,18269,31703,31733,87,31733
6840,23.99550601,72.37522803,18315,31749,31779,87,31779
6850,23.99560718,72.37528109,18364,31798,31828,87,31828
6860,23.99570017,72.37532982,18408,31844,31873,87,31873
6870,23.9958017,72.37538307,18457,31893,31922,87,31922
6880,23.99590224,72.37543573,18506,31942,31970,87,31970
6890,23.9959991,72.37548687,18553,31989,32017,87,32017
6900,23.99609591,72.37553815,18599,32036,32064,87,32064
6910,23.99619227,72.37558896,18645,32083,32111,87,32111
6920,23.99628914,72.37563989,18692,32130,32158,87,32158
6930,23.99638624,72.3756906,18739,32177,32205,87,32205
6940,23.99648735,72.37574374,18785,32226,32255,87,32255
6950,23.99658553,72.37579572,18820,32274,32302,87,32302
6960,23.99668567,72.37584873,18857,32323,32351,87,32351
6970,23.99678624,72.37590207,18900,32372,32400,87,32400
6980,23.99684738,72.37593487,18930,32401,32430,87,32430
6990,23.99694764,72.37598854,18978,32450,32479,87,32479
7000,23.99704437,72.37604024,19025,32498,32527,87,32527
7010,23.99714112,72.37609132,19072,32545,32574,87,32574
7020,23.99723823,72.37614259,19111,32592,32621,87,32621
7030,23.99733468,72.37619342,19152,32639,32668,87,32668
7040,23.99743191,72.37624494,19189,32687,32716,87,32716
7050,23.99753108,72.37629714,19230,32735,32764,87,32764
7060,23.99762755,72.376348,19271,32782,32811,87,32811
7070,23.99772378,72.37639905,19310,32829,32857,87,32857
7080,23.99782421,72.37645244,19351,32878,32906,87,32906
7090,23.99792064,72.37650346,19381,32925,32953,87,32953
7100,23.99801785,72.37655447,19415,32972,33000,87,33000
7110,23.99811436,72.3766051,19445,33019,33047,87,33047
7120,23.99821152,72.3766558,19476,33066,33094,87,33094
7130,23.99830864,72.37670598,19506,33113,33141,87,33141
7140,23.99840574,72.37675688,19548,33160,33188,87,33188
7150,23.99850266,72.37680796,19589,33207,33235,87,33235
7160,23.99859918,72.37685897,19619,33254,33281,87,33281
7170,23.99869611,72.3769101,19650,33302,33329,87,33329
7180,23.9987929,72.37696145,19687,33349,33376,87,33376
7190,23.99888976,72.37701271,19713,33396,33423,87,33423
7200,23.99898685,72.37706351,19739,33443,33471,87,33471
7210,23.99907932,72.37711203,19765,33488,33516,87,33516
7220,23.99917636,72.3771631,19805,33535,33563,87,33563
7230,23.99927574,72.37721518,19833,33583,33611,87,33611
7240,23.99937294,72.37726597,19864,33630,33659,87,33659
7250,23.99947036,72.37731673,19895,33678,33706,87,33706
7260,23.99956371,72.37736532,19928,33723,33752,87,33752
7270,23.99966058,72.3774161,19972,33770,33799,87,33799
7280,23.99975758,72.37746725,20005,33817,33846,87,33846
7290,23.99985475,72.37751812,20039,33864,33893,87,33893
7300,23.99995166,72.37756842,20067,33911,33940,87,33940
7310,24.00004889,72.37761916,20105,33958,33988,87,33988
7320,24.00014682,72.37767053,20132,34006,34035,87,34035
7330,24.0002475,72.3777233,20163,34055,34085,87,34085
7340,24.0003483,72.37777596,20188,34104,34134,87,34134
7350,24.00044887,72.37782835,20213,34152,34183,87,34183
7360,24.00054327,72.37787777,20241,34198,34229,87,34229
7370,24.00064102,72.37792891,20271,34245,34276,87,34276
7380,24.00074309,72.37798235,20299,34295,34326,87,34326
7390,24.00083598,72.37803121,20327,34340,34371,87,34371
7400,24.00093097,72.37808156,20367,34386,34417,87,34417
7410,24.00103134,72.37813473,20406,34435,34466,87,34466
7420,24.0011288,72.37818557,20441,34483,34514,87,34514
7430,24.00122585,72.37823605,20481,34530,34561,87,34561
7440,24.00132332,72.37828625,20514,34577,34609,87,34609
7450,24.00142126,72.37833661,20548,34624,34656,87,34656
7460,24.00151861,72.37838678,20583,34671,34704,87,34704
7470,24.00161564,72.37843717,20614,34719,34751,87,34751
7480,24.00169465,72.37847837,20638,34757,34789,87,34789
7490,24.00179537,72.37853111,20682,34806,34838,87,34838
7500,24.00189587,72.37858401,20714,34855,34887,87,34887
7510,24.00199291,72.37863506,20758,34902,34935,87,34935
7520,24.00208997,72.37868607,20797,34949,34982,87,34982
7530,24.00218734,72.37873686,20824,34996,35030,87,35030
7540,24.00228436,72.37878739,20848,35043,35077,87,35077
7550,24.00238468,72.37883957,20873,35092,35126,87,35126
7560,24.00248128,72.37889015,20897,35139,35173,87,35173
7570,24.00258204,72.37894296,20922,35188,35222,87,35222
7580,24.00267891,72.37899357,20946,35235,35269,87,35269
7590,24.00277675,72.37904443,20970,35282,35317,87,35317
7600,24.00287431,72.37909519,20994,35330,35364,87,35364
7610,24.00297548,72.3791478,21019,35379,35413,87,35413
7620,24.00307314,72.37919837,21043,35426,35461,87,35461
7630,24.00317274,72.37924983,21067,35474,35509,87,35509
7640,24.00326639,72.37929835,21090,35520,35554,87,35554
7650,24.00336364,72.37934896,21113,35567,35601,87,35601
7660,24.00345587,72.37939699,21136,35612,35646,87,35646
7670,24.00355304,72.37944703,21158,35659,35693,87,35693
7680,24.00365483,72.37949964,21175,35708,35742,87,35742
7690,24.00375219,72.37955001,21195,35755,35789,87,35789
7700,24.00384923,72.37960055,21219,35802,35836,87,35836
7710,24.00394683,72.37965117,21242,35849,35884,87,35884
7720,24.00404404,72.37970147,21265,35896,35930,87,35930
7730,24.00414557,72.37975391,21290,35946,35979,87,35979
7740,24.0042439,72.37980478,21313,35993,36027,87,36027
7750,24.00434079,72.37985504,21337,36040,36073,87,36073
7760,24.00442615,72.37989956,21358,36082,36114,87,36114
7770,24.0045195,72.3799484,21380,36127,36159,87,36159
7780,24.00460746,72.37999461,21402,36170,36202,87,36202
7790,24.00470967,72.38004711,21427,36219,36251,87,36251
7800,24.00480958,72.38009804,21451,36267,36299,87,36299
7810,24.0049037,72.38014552,21474,36313,36344,87,36344
7820,24.00500162,72.38019488,21497,36360,36391,87,36391
7830,24.00510029,72.38024168,21522,36407,36438,87,36438
7840,24.00520395,72.38027458,21552,36454,36485,87,36485
7850,24.0053088,72.38030314,21576,36502,36532,87,36532
7860,24.00541781,72.38033183,21601,36551,36581,87,36581
7870,24.00552152,72.38035826,21624,36598,36627,87,36627
7880,24.00562677,72.38038497,21649,36645,36675,87,36675
7890,24.00573092,72.38041117,21672,36692,36721,87,36721
7900,24.00583237,72.38043699,21701,36738,36767,87,36767
7910,24.00593976,72.38046452,21727,36786,36815,87,36815
7920,24.00604397,72.38049221,21758,36833,36862,87,36862
7930,24.00614721,72.38051941,21782,36876,36904,87,36904
7940,24.00625075,72.38054757,21813,36928,36955,87,36955
7950,24.00635444,72.38057732,21837,36975,37002,87,37002
7960,24.00645601,72.38061757,21871,37023,37050,87,37050
7970,24.00655356,72.38066685,21895,37070,37097,87,37097
7980,24.0066508,72.38071733,21920,37117,37144,87,37144
7990,24.006748,72.38076778,21944,37165,37192,87,37192
8000,24.00684891,72.38081982,21978,37214,37241,87,37241
8010,24.00695011,72.38085966,22010,37261,37288,87,37288
8020,24.00705362,72.38089061,22034,37308,37335,87,37335
8030,24.00715321,72.38092039,22063,37353,37381,87,37381
8040,24.00726263,72.38095045,22098,37403,37431,87,37431
8050,24.00736705,72.38097824,22137,37450,37478,87,37478
8060,24.00747287,72.38100761,22161,37499,37526,87,37526
8070,24.00757799,72.38103596,22184,37546,37573,87,37573
8080,24.00768278,72.38106448,22218,37593,37621,87,37621
8090,24.00778764,72.38109317,22251,37641,37668,87,37668
8100,24.00789301,72.38112065,22275,37688,37716,87,37716
8110,24.00800173,72.38114952,22313,37738,37765,87,37765
8120,24.00810798,72.38116752,22350,37785,37813,87,37813
8130,24.00821477,72.38117491,22395,37832,37860,87,37860
8140,24.0083159,72.38118091,22439,37876,37905,87,37905
8150,24.00842289,72.38118607,22485,37923,37952,87,37952
8160,24.00853013,72.38119327,22532,37970,37999,87,37999
8170,24.00863596,72.38121334,22580,38017,38046,87,38046
8180,24.00873621,72.38123584,22623,38062,38091,87,38091
8190,24.00884121,72.38125849,22669,38109,38137,87,38137
8200,24.00895181,72.38128227,22719,38158,38187,87,38187
8210,24.00906097,72.38130625,22767,38207,38236,87,38236
8220,24.00916637,72.38132913,22812,38255,38284,87,38284
8230,24.00927573,72.38135269,22860,38303,38333,87,38333
8240,24.00937577,72.38137416,22896,38348,38378,87,38378
8250,24.00948115,72.38139674,22934,38395,38425,87,38425
8260,24.0095865,72.38141939,22971,38442,38472,87,38472
8270,24.00968799,72.3814415,23012,38488,38517,87,38517
8280,24.00978943,72.38146371,23052,38533,38563,87,38563
8290,24.00989931,72.38148775,23096,38582,38612,87,38612
8300,24.01000507,72.38151092,23130,38629,38660,87,38660
8310,24.01011065,72.38153446,23161,38676,38707,87,38707
8320,24.01021584,72.38155819,23192,38723,38754,87,38754
8330,24.01032114,72.38158204,23220,38770,38801,87,38801
8340,24.01042623,72.38160612,23247,38817,38849,87,38849
8350,24.01053077,72.38163034,23277,38864,38895,87,38895
8360,24.01064048,72.38165596,23311,38913,38945,87,38945
8370,24.01075008,72.38168235,23343,38962,38994,87,38994
8380,24.01085434,72.38170843,23376,39009,39041,87,39041
8390,24.01095867,72.38173544,23402,39056,39088,87,39088
8400,24.01106779,72.38176473,23427,39105,39137,87,39137
8410,24.01117331,72.38179175,23452,39153,39185,87,39185
8420,24.01127829,72.38181838,23476,39200,39232,87,39232
8430,24.01138762,72.3818454,23500,39249,39282,87,39282
8440,24.01149228,72.38187033,23524,39296,39329,87,39329
8450,24.0115994,72.381897,23548,39344,39377,87,39377
8460,24.01170917,72.38192483,23573,39394,39427,87,39427
8470,24.01181802,72.3819525,23594,39443,39476,87,39476
8480,24.01192238,72.38197889,23618,39490,39523,87,39523
8490,24.01202724,72.38200523,23640,39537,39571,87,39571
8500,24.01213203,72.38203169,23664,39584,39618,87,39618
8510,24.01223752,72.38205822,23688,39632,39665,87,39665
8520,24.01234263,72.38208474,23711,39679,39713,87,39713
8530,24.01244657,72.38211103,23735,39725,39759,87,39759
8540,24.01255371,72.3821378,23758,39774,39807,87,39807
8550,24.01266307,72.38216537,23769,39823,39856,87,39856
8560,24.01277168,72.38219255,23792,39872,39905,87,39905
8570,24.01287124,72.38221726,23802,39916,39950,87,39950
8580,24.01297623,72.38224329,23824,39964,39997,87,39997
8590,24.01308526,72.3822703,23843,40012,40045,87,40045
8600,24.01319471,72.38229742,23861,40062,40094,87,40094
8610,24.01329582,72.38232223,23874,40107,40139,87,40139
8620,24.01340527,72.38234934,23896,40156,40188,87,40188
8630,24.01351031,72.38237544,23919,40204,40235,87,40235
8640,24.01361632,72.38240158,23943,40251,40282,87,40282
8650,24.01372183,72.38242787,23967,40299,40329,87,40329
8660,24.01382712,72.38245439,23990,40346,40376,87,40376
8670,24.01393508,72.38248191,24014,40395,40425,87,40425
8680,24.01404442,72.38250984,24034,40435,40464,87,40464
8690,24.01414627,72.38253576,24063,40490,40519,87,40519
8700,24.01425168,72.38256213,24090,40537,40567,87,40567
8710,24.01435578,72.38258841,24115,40584,40614,87,40614
8720,24.01446497,72.38261616,24145,40633,40663,87,40663
8730,24.01456953,72.38264296,24172,40681,40710,87,40710
8740,24.01467417,72.3826695,24198,40728,40758,87,40758
8750,24.0147788,72.38269532,24228,40775,40805,87,40805
8760,24.01484995,72.38271268,24248,40807,40837,87,40837
8770,24.01495487,72.38273778,24277,40854,40884,87,40884
8780,24.01505558,72.38276217,24302,40899,40929,87,40929
8790,24.01516449,72.38278979,24336,40948,40978,87,40978
8800,24.01526449,72.38281609,24365,40993,41023,87,41023
8810,24.01537511,72.38284606,24406,41043,41073,87,41073
8820,24.01548105,72.38287303,24453,41091,41121,87,41121
8830,24.0155902,72.3829005,24498,41140,41170,87,41170
8840,24.01569916,72.38292767,24536,41189,41220,87,41220
8850,24.01580387,72.3829537,24573,41236,41267,87,41267
8860,24.01590883,72.3829801,24608,41283,41314,87,41314
8870,24.01601431,72.38300684,24633,41330,41362,87,41362
8880,24.01611928,72.38303358,24658,41377,41409,87,41409
8890,24.01622397,72.38306075,24691,41425,41457,87,41457
8900,24.01632921,72.38308814,24735,41472,41504,87,41504
8910,24.01642516,72.38311333,24765,41515,41548,87,41548
8920,24.01652933,72.38313986,24804,41562,41595,87,41595
8930,24.01663324,72.38316684,24838,41609,41642,87,41642
8940,24.01673723,72.38319606,24876,41656,41689,87,41689
8950,24.01684578,72.38322604,24922,41705,41739,87,41739
8960,24.01695014,72.38325489,24967,41753,41786,87,41786
8970,24.01705843,72.38328445,25008,41802,41835,87,41835
8980,24.01716267,72.38331283,25051,41849,41883,87,41883
8990,24.01727111,72.38334222,25094,41898,41932,87,41932
9000,24.01737464,72.38337016,25135,41945,41979,87,41979
9010,24.01747292,72.38339743,25179,41989,42024,87,42024
9020,24.01757315,72.38342674,25223,42035,42069,87,42069
9030,24.01768156,72.38346003,25272,42084,42119,87,42119
9040,24.01778441,72.38349168,25319,42131,42166,87,42166
9050,24.01788633,72.38352241,25365,42177,42213,87,42213
9060,24.01799112,72.3835644,25415,42226,42261,87,42261
9070,24.01808752,72.38362626,25463,42275,42310,87,42310
9080,24.01817156,72.38370638,25511,42324,42359,87,42359
9090,24.01823841,72.38380392,25558,42373,42408,87,42408
9100,24.01829355,72.38390446,25595,42420,42455,87,42455
9110,24.01834825,72.38400801,25641,42468,42503,87,42503
9120,24.01840132,72.38410976,25688,42515,42550,87,42550
9130,24.01845449,72.38421083,25726,42562,42597,87,42597
9140,24.0185099,72.38431599,25759,42611,42646,87,42646
9150,24.01856545,72.3844218,25790,42660,42695,87,42695
9160,24.01862144,72.38452693,25821,42709,42744,87,42744
9170,24.01865743,72.38459512,25847,42741,42776,87,42776
9180,24.01871017,72.38469585,25894,42788,42822,87,42822
9190,24.01876448,72.38480005,25933,42836,42871,87,42871
9200,24.01881791,72.38490161,25971,42883,42918,87,42918
9210,24.01887112,72.38500181,26002,42930,42964,87,42964
9220,24.01892788,72.38510686,26033,42979,43013,87,43013
9230,24.01899347,72.38519951,26070,43026,43060,87,43060
9240,24.01907682,72.3852736,26110,43073,43108,87,43108
9250,24.01917361,72.38532551,26157,43121,43155,87,43155
9260,24.0192778,72.38535483,26204,43168,43202,87,43202
9270,24.01938826,72.3853751,26253,43217,43251,87,43251
9280,24.01946474,72.38538922,26287,43251,43285,87,43285
9290,24.01957087,72.38540884,26334,43298,43332,87,43332
9300,24.01966857,72.38542732,26378,43342,43376,87,43376
9310,24.01977452,72.38544829,26425,43389,43423,87,43423
9320,24.01988381,72.38547055,26474,43438,43472,87,43472
9330,24.01998524,72.38549147,26519,43483,43518,87,43518
9340,24.02009151,72.38551307,26567,43530,43565,87,43565
9350,24.02020156,72.38553536,26616,43580,43614,87,43614
9360,24.02030716,72.38555659,26662,43627,43661,87,43661
9370,24.02041305,72.38557784,26709,43674,43709,87,43709
9380,24.02052325,72.38560004,26759,43723,43758,87,43758
9390,24.02063195,72.38562829,26797,43772,43807,87,43807
9400,24.02073832,72.38566675,26822,43821,43856,87,43856
9410,24.02084043,72.38570329,26845,43868,43903,87,43903
9420,24.02094283,72.38573979,26869,43915,43950,87,43950
9430,24.0210496,72.3857779,26891,43964,43999,87,43999
9440,24.02115336,72.3858079,26911,44011,44046,87,44046
9450,24.02126073,72.38581457,26935,44058,44092,87,44092
9460,24.02137247,72.3858141,26958,44107,44141,87,44141
9470,24.0214779,72.38581328,26981,44153,44187,87,44187
9480,24.02158903,72.38582283,26997,44202,44235,87,44235
9490,24.02168992,72.38583963,27018,44247,44280,87,44280
9500,24.02171552,72.38584376,27023,44258,44292,87,44292
9510,24.02181816,72.38586011,27050,44303,44337,87,44337
9520,24.02192424,72.38587703,27074,44350,44384,87,44384
9530,24.02203081,72.38589452,27099,44398,44431,87,44431
9540,24.02213261,72.38591244,27121,44443,44476,87,44476
9550,24.02223825,72.38593222,27145,44490,44523,87,44523
9560,24.02234268,72.38595282,27168,44536,44570,87,44570
9570,24.02245189,72.38597431,27201,44585,44618,87,44618
9580,24.0225571,72.3859954,27233,44632,44665,87,44665
9600,24.02277642,72.3860376,27289,44730,44763,87,44763
9610,24.02288244,72.38605796,27319,44777,44810,87,44810
9620,24.02298792,72.38607847,27344,44824,44857,87,44857
9630,24.0230968,72.38609965,27374,44872,44905,87,44905
9640,24.02320688,72.38612117,27408,44921,44954,87,44954
9650,24.02331785,72.38614274,27448,44971,45004,87,45004
9660,24.02342358,72.38616334,27494,45018,45051,87,45051
9670,24.02353425,72.38618469,27542,45067,45100,87,45100
9680,24.02364499,72.38620616,27590,45116,45149,87,45149
9690,24.02375522,72.38622762,27631,45165,45198,87,45198
9700,24.02386527,72.38624924,27679,45214,45247,87,45247
9710,24.02397125,72.38627002,27722,45261,45294,87,45294
9720,24.02407756,72.38629083,27769,45309,45342,87,45342
9730,24.02418793,72.38631246,27819,45358,45391,87,45391
9740,24.02429363,72.38633352,27866,45405,45438,87,45438
9750,24.02440372,72.38635511,27914,45454,45487,87,45487
9760,24.0245092,72.38637623,27961,45501,45534,87,45534
9770,24.02461036,72.38639626,28007,45546,45579,87,45579
9780,24.02471559,72.38641733,28052,45593,45625,87,45625
9790,24.02482024,72.38643854,28099,45640,45672,87,45672
9800,24.0249272,72.38646004,28147,45688,45720,87,45720
9810,24.02503245,72.38648107,28194,45735,45766,87,45766
9820,24.02514284,72.38650394,28243,45784,45815,87,45815
9830,24.02524926,72.38652553,28291,45831,45863,87,45863
9840,24.02535935,72.38654785,28340,45880,45912,87,45912
9850,24.02546999,72.38657006,28389,45929,45961,87,45961
9860,24.02557128,72.3865904,28434,45974,46006,87,46006
9870,24.0256772,72.38661154,28481,46021,46054,87,46054
9880,24.02578537,72.38663328,28529,46070,46102,87,46102
9890,24.02589559,72.3866554,28578,46118,46151,87,46151
9900,24.0260064,72.38667757,28627,46168,46201,87,46201
9910,24.02611675,72.38669906,28677,46217,46250,87,46250
9920,24.02622763,72.38672087,28726,46266,46300,87,46300
9930,24.02633356,72.38674184,28772,46313,46347,87,46347
9940,24.02644394,72.38676405,28818,46363,46397,87,46397
9950,24.02654772,72.38678458,28864,46409,46443,87,46443
9960,24.02665315,72.38680664,28909,46456,46490,87,46490
9970,24.0267619,72.38683128,28957,46504,46539,87,46539
9980,24.02686728,72.38685425,28993,46551,46586,87,46586
9990,24.02697311,72.38687559,29039,46598,46633,87,46633
10000,24.02708323,72.38689629,29080,46647,46682,87,46682
10010,24.02719309,72.38691667,29127,46696,46731,87,46731
10020,24.02723847,72.38692495,29146,46716,46751,87,46751
10030,24.02734037,72.38694358,29178,46762,46796,87,46796
10040,24.02736673,72.38694849,29185,46773,46808,87,46808
10050,24.02747279,72.38696826,29230,46820,46855,87,46855
10060,24.02758425,72.38698964,29276,46870,46905,87,46905
10070,24.02769012,72.38700909,29309,46917,46952,87,46952
10080,24.02779646,72.38702954,29356,46964,46999,87,46999
10090,24.02790636,72.38705149,29385,47013,47048,87,47048
10100,24.02801606,72.38707342,29413,47062,47097,87,47097
10110,24.02811695,72.3870936,29439,47107,47142,87,47142
10120,24.02822284,72.38711405,29467,47154,47190,87,47190
10130,24.02832453,72.38713361,29493,47200,47235,87,47235
10140,24.02843078,72.38715399,29521,47247,47283,87,47283
10150,24.0285412,72.38717566,29548,47296,47332,87,47332
10160,24.02865063,72.38719693,29575,47345,47380,87,47380
10170,24.02876121,72.38721871,29600,47394,47430,87,47430
10180,24.02887082,72.38724046,29626,47443,47479,87,47479
10190,24.02897719,72.38725834,29653,47490,47526,87,47526
10200,24.02907892,72.38727514,29676,47535,47571,87,47571
10210,24.02918455,72.38729364,29697,47582,47618,87,47618
10220,24.02929521,72.38731293,29717,47631,47667,87,47667
10230,24.02940192,72.38733146,29740,47679,47714,87,47714
10240,24.02947514,72.38734388,29756,47711,47747,87,47747
10250,24.02957652,72.38736157,29761,47757,47792,87,47792
10260,24.0296803,72.38738011,29778,47803,47838,87,47838
10270,24.02978643,72.38739953,29803,47850,47885,87,47885
10280,24.02989231,72.38741912,29824,47897,47932,87,47932
10290,24.02999846,72.38743915,29846,47944,47979,87,47979
10300,24.03010474,72.38745939,29870,47992,48026,87,48026
10310,24.03021489,72.38748091,29894,48041,48075,87,48075
10320,24.03032045,72.38750203,29917,48088,48121,87,48121
10330,24.03042674,72.38752361,29940,48135,48168,87,48168
10340,24.0305286,72.38754448,29963,48181,48213,87,48213
10350,24.03063454,72.38756644,29987,48228,48261,87,48261
10360,24.03074482,72.38758923,30011,48277,48309,87,48309
10370,24.03085054,72.3876112,30038,48324,48356,87,48356
10380,24.0309569,72.38763259,30061,48371,48403,87,48403
10390,24.03105849,72.38765343,30085,48417,48448,87,48448
10400,24.03116436,72.38767438,30112,48464,48495,87,48495
10410,24.03127035,72.38769531,30139,48511,48543,87,48543
10420,24.03137985,72.38771698,30173,48560,48591,87,48591
10430,24.03148999,72.38773882,30209,48609,48640,87,48640
10440,24.03159504,72.38776005,30251,48656,48687,87,48687
10450,24.03170102,72.38778106,30296,48703,48734,87,48734
10460,24.0318106,72.38780281,30341,48752,48783,87,48783
10470,24.03190893,72.38782237,30384,48796,48826,87,48826
10480,24.03201486,72.38784326,30430,48843,48873,87,48873
10490,24.03212082,72.3878646,30476,48891,48920,87,48920
10500,24.0322299,72.38788629,30525,48939,48969,87,48969
10510,24.03233916,72.38790819,30562,48988,49017,87,49017
10520,24.0324332,72.38792704,30600,49030,49059,87,49059
10530,24.03253943,72.38794816,30645,49077,49106,87,49106
10540,24.03264622,72.38796899,30690,49125,49153,87,49153
10550,24.03275215,72.3879896,30728,49172,49200,87,49200
10560,24.0328583,72.38801041,30775,49219,49247,87,49247
10570,24.03296437,72.38803146,30812,49266,49294,87,49294
10580,24.03307057,72.38805303,30854,49313,49341,87,49341
10590,24.03317654,72.38807465,30896,49361,49388,87,49388
10600,24.03327965,72.38809494,30941,49407,49434,87,49434
10610,24.03338572,72.38811635,30987,49454,49481,87,49481
10620,24.03348744,72.388137,31029,49499,49527,87,49527
10630,24.03358503,72.38815701,31069,49543,49570,87,49570
10640,24.03369078,72.38817887,31109,49590,49617,87,49617
10650,24.03379629,72.38820075,31148,49637,49665,87,49665
10660,24.03390217,72.38822231,31195,49684,49712,87,49712
10670,24.03400839,72.38824394,31242,49731,49760,87,49760
10680,24.03411829,72.38826607,31291,49780,49808,87,49808
10690,24.03422426,72.38828774,31338,49827,49856,87,49856
10700,24.03433057,72.38830918,31386,49875,49903,87,49903
10710,24.03443658,72.38833041,31433,49922,49951,87,49951
10720,24.03453826,72.38835066,31477,49967,49996,87,49996
10730,24.03464002,72.38837124,31516,50012,50042,87,50042
10740,24.0347459,72.38839257,31557,50059,50089,87,50089
10750,24.03485221,72.3884142,31594,50107,50137,87,50137
10760,24.03495834,72.38843558,31638,50154,50184,87,50184
10770,24.03506039,72.38845624,31678,50199,50230,87,50230
10780,24.03516647,72.38847812,31717,50246,50277,87,50277
10790,24.03527264,72.3885001,31765,50293,50324,87,50324
10800,24.0353786,72.38852204,31809,50342,50373,87,50373
10810,24.03548915,72.38854491,31853,50390,50421,87,50421
10820,24.03559476,72.38856676,31900,50437,50468,87,50468
10830,24.03570625,72.3885896,31944,50487,50518,87,50518
10840,24.03580752,72.38861002,31987,50532,50563,87,50563
10850,24.03591318,72.38863126,32029,50579,50610,87,50610
10860,24.03601438,72.38865174,32071,50624,50655,87,50655
10870,24.03611183,72.38867157,32108,50667,50699,87,50699
10880,24.03621784,72.38869287,32149,50714,50746,87,50746
10890,24.03632408,72.38871438,32187,50762,50793,87,50793
10900,24.03643022,72.38873593,32230,50809,50840,87,50840
10910,24.03653686,72.38875779,32273,50856,50888,87,50888
10920,24.03663879,72.38877859,32314,50901,50933,87,50933
10930,24.03674454,72.38880008,32350,50948,50980,87,50980
10940,24.03685074,72.3888215,32391,50996,51027,87,51027
10950,24.03695599,72.38884273,32430,51042,51074,87,51074
10960,24.03706169,72.38886442,32459,51089,51121,87,51121
10970,24.03716658,72.38888563,32485,51136,51168,87,51168
10980,24.0372724,72.38890734,32512,51183,51215,87,51215
10990,24.03737848,72.38892944,32536,51231,51262,87,51262
11000,24.03748495,72.38895179,32560,51278,51310,87,51310
11010,24.03759015,72.38897379,32584,51325,51357,87,51357
11020,24.03769156,72.3889948,32606,51371,51402,87,51402
11030,24.03780175,72.38901723,32631,51420,51451,87,51451
11040,24.03790304,72.38903776,32653,51465,51496,87,51496
11050,24.03801207,72.38905988,32679,51513,51545,87,51545
11060,24.03811749,72.38908114,32702,51561,51592,87,51592
11070,24.03822716,72.38910331,32727,51610,51641,87,51641
11080,24.03833271,72.38912496,32750,51657,51688,87,51688
11090,24.038443,72.38914754,32772,51706,51737,87,51737
11100,24.03855343,72.38917009,32797,51755,51786,87,51786
11110,24.03866392,72.38919257,32818,51804,51835,87,51835
11120,24.03877047,72.38921421,32841,51852,51882,87,51882
11130,24.03888013,72.38923653,32865,51901,51931,87,51931
11140,24.03898558,72.3892577,32889,51948,51978,87,51978
11150,24.03909132,72.38927886,32913,51995,52025,87,52025
11160,24.03919688,72.38929998,32937,52042,52072,87,52072
11170,24.03930194,72.38932097,32960,52089,52118,87,52118
11180,24.03940324,72.3893414,32983,52135,52163,87,52163
11190,24.03950872,72.38936314,33006,52182,52210,87,52210
11200,24.03960833,72.38938365,33030,52226,52254,87,52254
11210,24.03971827,72.38940623,33055,52275,52303,87,52303
11220,24.03982642,72.38942816,33079,52324,52351,87,52351
11230,24.03993191,72.38944943,33104,52371,52398,87,52398
11240,24.0400335,72.3894697,33127,52416,52443,87,52443
11250,24.04014329,72.38949155,33151,52465,52492,87,52492
11260,24.04024847,72.38951245,33175,52512,52539,87,52539
11270,24.04035461,72.38953392,33201,52560,52587,87,52587
11280,24.04046413,72.3895562,33233,52608,52636,87,52636
11290,24.04056983,72.38957774,33271,52656,52683,87,52683
11300,24.04067529,72.38959907,33313,52703,52730,87,52730
11310,24.04078113,72.38962051,33358,52750,52777,87,52777
11320,24.04087317,72.38963898,33399,52791,52819,87,52819
11330,24.04097348,72.38965905,33443,52836,52863,87,52863
11340,24.04107958,72.38968031,33491,52883,52911,87,52911
11350,24.0411809,72.38970043,33535,52929,52956,87,52956
11360,24.0412863,72.38972156,33582,52975,53004,87,53004
11370,24.0413917,72.38974271,33628,53022,53050,87,53050
11380,24.04149733,72.38976399,33675,53070,53098,87,53098
11390,24.04160265,72.38978524,33722,53117,53144,87,53144
11400,24.04167968,72.38980023,33753,53151,53179,87,53179
11410,24.04178256,72.38981929,33798,53197,53225,87,53225
11420,24.04188854,72.38983829,33843,53244,53272,87,53272
11430,24.04199431,72.38985733,33875,53291,53320,87,53320
11440,24.04210407,72.38987733,33910,53340,53369,87,53369
11450,24.04220998,72.38989664,33952,53388,53416,87,53416
11460,24.0423154,72.38991612,33994,53434,53463,87,53463
11470,24.04242098,72.38993523,34040,53481,53510,87,53510
11480,24.04252698,72.38995416,34087,53529,53558,87,53558
11490,24.04262879,72.38997242,34132,53574,53603,87,53603
11500,24.04273484,72.38999166,34180,53621,53650,87,53650
11510,24.04283687,72.39001,34225,53666,53696,87,53696
11520,24.04294713,72.3900297,34273,53715,53745,87,53745
11530,24.04305298,72.39004894,34320,53762,53792,87,53792
11540,24.04315895,72.39006847,34366,53810,53839,87,53839
11550,24.04326913,72.39008811,34415,53859,53888,87,53888
11560,24.04337494,72.39010719,34462,53906,53935,87,53935
11570,24.04348081,72.39012603,34509,53953,53983,87,53983
11580,24.0435839,72.39014445,34552,53999,54028,87,54028
11590,24.04368973,72.3901637,34598,54046,54076,87,54076
11600,24.04380005,72.39018395,34637,54095,54125,87,54125
11610,24.04390576,72.39020365,34682,54142,54172,87,54172
11620,24.04400916,72.3902227,34718,54188,54218,87,54218
11630,24.04411928,72.39024304,34749,54237,54267,87,54267
11640,24.0442254,72.39026246,34775,54284,54315,87,54315
11650,24.0443309,72.39028172,34800,54331,54362,87,54362
11660,24.04444151,72.39030208,34825,54381,54411,87,54411
11670,24.04455121,72.39032239,34849,54430,54460,87,54460
11680,24.04463948,72.39033835,34869,54469,54499,87,54499
11690,24.04474472,72.39035735,34892,54516,54546,87,54546
11700,24.04485087,72.39037648,34916,54563,54593,87,54593
11710,24.04496182,72.39039624,34941,54612,54643,87,54643
11720,24.04506763,72.39041529,34964,54660,54690,87,54690
11730,24.0451735,72.39043414,34986,54708,54737,87,54737
11740,24.04527842,72.39045271,35009,54753,54783,87,54783
11750,24.04538926,72.39047212,35034,54803,54832,87,54832
11760,24.04549045,72.39048995,35056,54847,54877,87,54877
11770,24.04559338,72.39050818,35078,54893,54922,87,54922
11780,24.04570342,72.39052788,35103,54942,54971,87,54971
11790,24.04580857,72.39054709,35126,54989,55017,87,55017
11800,24.0459147,72.39056658,35152,55037,55064,87,55064
11810,24.04601614,72.39058541,35175,55082,55109,87,55109
11820,24.04611779,72.39060432,35200,55127,55154,87,55154
11830,24.0462236,72.3906238,35223,55174,55201,87,55201
11840,24.04633308,72.390644,35255,55223,55249,87,55249
11850,24.04643898,72.39066381,35285,55270,55297,87,55297
11860,24.04654948,72.39068468,35314,55319,55346,87,55346
11870,24.04666002,72.39070606,35349,55368,55394,87,55394
11880,24.04676658,72.39072681,35383,55416,55442,87,55442
11890,24.04687262,72.39074697,35418,55463,55488,87,55488
11900,24.04697909,72.39076679,35464,55510,55535,87,55535
11910,24.04708463,72.39078658,35506,55557,55582,87,55582
11920,24.04719086,72.39080637,35552,55604,55630,87,55630
11930,24.04729246,72.39082526,35596,55650,55675,87,55675
11940,24.04739761,72.39084501,35642,55696,55722,87,55722
11950,24.04750412,72.39086503,35689,55744,55769,87,55769
11960,24.04761442,72.39088577,35737,55793,55818,87,55818
11970,24.04771629,72.39090469,35781,55838,55864,87,55864
11980,24.04782244,72.39092435,35828,55885,55911,87,55911
11990,24.04792881,72.39094364,35871,55932,55958,87,55958
12000,24.04803068,72.39096235,35916,55978,56004,87,56004
12010,24.04813737,72.39098223,35963,56025,56051,87,56051
12020,24.04824348,72.39100234,36010,56072,56098,87,56098
12030,24.04834672,72.39102194,36055,56118,56144,87,56144
12040,24.0484525,72.39104257,36102,56165,56191,87,56191
12050,24.04855858,72.39106316,36148,56212,56238,87,56238
12060,24.04866165,72.39108324,36193,56258,56284,87,56284
12070,24.04876465,72.39110314,36239,56303,56330,87,56330
12080,24.04886664,72.39112193,36284,56349,56375,87,56375
12090,24.04897329,72.39113975,36331,56396,56423,87,56423
12100,24.04907964,72.39115929,36378,56443,56470,87,56470
12110,24.04918509,72.39117987,36419,56490,56517,87,56517
12120,24.04929165,72.3912006,36474,56546,56573,87,56573
12130,24.04939842,72.39122123,36509,56585,56612,87,56612
12140,24.04950447,72.39124202,36556,56632,56660,87,56660
12150,24.0496101,72.39126298,36603,56679,56707,87,56707
12160,24.04971455,72.39128397,36647,56726,56754,87,56754
12170,24.04982023,72.39130513,36694,56773,56801,87,56801
12180,24.04992184,72.39132563,36739,56818,56846,87,56846
12190,24.05002316,72.39134584,36784,56863,56892,87,56892
12200,24.05012923,72.3913673,36830,56910,56939,87,56939
12210,24.05023107,72.39138871,36874,56956,56985,87,56985
12220,24.05033717,72.39141007,36921,57003,57032,87,57032
12230,24.05042611,72.39142865,36961,57043,57071,87,57071
12240,24.05053116,72.39145058,37008,57090,57118,87,57118
12250,24.0506368,72.39147238,37055,57137,57165,87,57165
12260,24.05074265,72.39149447,37102,57184,57213,87,57213
12270,24.05084876,72.39151646,37149,57231,57260,87,57260
12280,24.05095453,72.39153883,37196,57278,57307,87,57307
12290,24.05105566,72.39156016,37242,57324,57353,87,57353
12300,24.05116293,72.39158262,37288,57371,57401,87,57401
12310,24.05126843,72.39160442,37329,57419,57448,87,57448
12320,24.0513742,72.39162641,37368,57466,57495,87,57495
12330,24.05147964,72.3916482,37402,57513,57543,87,57543
12340,24.05158598,72.39167031,37436,57560,57590,87,57590
12350,24.05169189,72.39169215,37469,57607,57638,87,57638
12360,24.0517975,72.3917141,37498,57655,57684,87,57684
12370,24.05190668,72.39173705,37531,57703,57733,87,57733
12380,24.05201245,72.39175927,37557,57750,57781,87,57781
12390,24.05211812,72.39178147,37582,57797,57828,87,57828
12400,24.05222419,72.39180356,37609,57845,57875,87,57875
12410,24.05232999,72.39182513,37633,57892,57923,87,57923
12420,24.05244233,72.39184779,37658,57942,57972,87,57972
12430,24.0525526,72.39186976,37684,57991,58022,87,58022
12440,24.05265884,72.39189115,37708,58038,58069,87,58069
12450,24.05276927,72.39191366,37736,58088,58119,87,58119
12460,24.05287437,72.39193505,37761,58135,58166,87,58166
12470,24.05298022,72.3919567,37784,58182,58213,87,58213
12480,24.05308475,72.39197813,37808,58228,58260,87,58260
12490,24.05319032,72.39199992,37831,58275,58306,87,58306
12500,24.05330037,72.39202267,37856,58324,58356,87,58356
12510,24.05340554,72.39204408,37878,58372,58402,87,58402
12520,24.05351087,72.39206584,37902,58419,58449,87,58449
12530,24.05361688,72.39208771,37926,58466,58496,87,58496
12540,24.0537269,72.39211034,37951,58515,58545,87,58545
12550,24.05383579,72.39213266,37976,58564,58594,87,58594
12560,24.0539409,72.39215409,38000,58611,58640,87,58640
12570,24.05405047,72.39217637,38024,58659,58689,87,58689
12580,24.05415881,72.39219853,38048,58708,58737,87,58737
12590,24.05426437,72.39222007,38072,58755,58784,87,58784
12600,24.05436979,72.39224159,38097,58802,58830,87,58830
12610,24.05447585,72.39226317,38125,58849,58877,87,58877
12620,24.05458141,72.39228459,38157,58897,58924,87,58924
12630,24.05468639,72.39230575,38182,58943,58971,87,58971
12640,24.05478777,72.39232611,38208,58988,59016,87,59016
12650,24.05489368,72.39234749,38246,59036,59063,87,59063
12660,24.05498761,72.39236654,38283,59078,59105,87,59105
12670,24.05509323,72.39238792,38329,59125,59152,87,59152
12680,24.05519861,72.39240955,38376,59172,59198,87,59198
12690,24.05530425,72.39243102,38423,59219,59245,87,59245
12700,24.05540991,72.39245241,38470,59266,59292,87,59292
12710,24.05551501,72.3924739,38515,59313,59339,87,59339
12720,24.05562498,72.39249589,38562,59362,59388,87,59388
12730,24.05573259,72.39251751,38607,59410,59435,87,59435
12740,24.0558369,72.39253873,38654,59457,59482,87,59482
12750,24.05593788,72.39255919,38696,59502,59527,87,59527
12760,24.05604303,72.3925804,38735,59549,59573,87,59573
12770,24.05614859,72.39260178,38782,59596,59620,87,59620
12780,24.05625133,72.39262247,38820,59642,59666,87,59666
12790,24.05635726,72.39264365,38867,59689,59713,87,59713
12800,24.05646275,72.3926646,38912,59736,59760,87,59760
12810,24.05657291,72.39268619,38962,59785,59809,87,59809
12820,24.05667528,72.39270658,39007,59831,59854,87,59854
12830,24.05678087,72.39272741,39054,59878,59901,87,59901
12840,24.05688255,72.39274795,39100,59923,59946,87,59946
12850,24.05698407,72.39276808,39143,59969,59992,87,59992
12860,24.0570903,72.39278861,39189,60016,60039,87,60039
12870,24.0571878,72.39280759,39232,60059,60082,87,60082
12880,24.05729396,72.39282846,39279,60107,60130,87,60130
12890,24.05740007,72.39284909,39327,60154,60177,87,60177
12900,24.05750642,72.39286989,39374,60201,60224,87,60224
12910,24.05761228,72.39289063,39421,60248,60272,87,60272
12920,24.05771396,72.39291056,39466,60293,60317,87,60317
12930,24.05781972,72.39293204,39513,60340,60364,87,60364
12940,24.05792538,72.39295419,39560,60388,60411,87,60411
12950,24.05802685,72.39297506,39605,60433,60457,87,60457
12960,24.05813272,72.392996,39652,60480,60504,87,60504
12970,24.05823745,72.39301608,39699,60526,60551,87,60551
12980,24.05834311,72.39303583,39746,60574,60598,87,60598
12990,24.05842963,72.39305196,39784,60612,60636,87,60636
13000,24.0585362,72.39307201,39828,60659,60684,87,60684
13010,24.05864164,72.3930925,39875,60706,60731,87,60731
13020,24.05874753,72.39311293,39922,60753,60778,87,60778
13030,24.05885677,72.39313413,39971,60802,60827,87,60827
13040,24.05896147,72.39315449,40018,60849,60874,87,60874
13050,24.05906777,72.39317521,40065,60896,60921,87,60921
13060,24.059174,72.39319606,40112,60943,60969,87,60969
13070,24.05927185,72.3932152,40156,60987,61013,87,61013
13080,24.05937814,72.39323581,40203,61034,61060,87,61060
13090,24.05948374,72.39325608,40250,61081,61107,87,61107
13100,24.05958957,72.39327636,40297,61128,61154,87,61154
13110,24.05969572,72.39329694,40345,61175,61202,87,61202
13120,24.0598016,72.39331713,40392,61222,61249,87,61249
13130,24.05990739,72.3933374,40439,61270,61296,87,61296
13140,24.06001415,72.39335796,40486,61317,61344,87,61344
13150,24.06012044,72.39337831,40534,61365,61392,87,61392
13160,24.06022096,72.39339792,40574,61409,61436,87,61436
13170,24.06032929,72.39341883,40618,61458,61485,87,61485
13180,24.0604354,72.39343962,40662,61505,61532,87,61532
13190,24.06053687,72.39345959,40698,61550,61578,87,61578
13200,24.06064261,72.39348012,40732,61597,61625,87,61625
13210,24.06074861,72.39350098,40758,61644,61673,87,61673
13220,24.0608542,72.39352181,40784,61691,61720,87,61720
13230,24.06096017,72.39354253,40811,61739,61767,87,61767
13240,24.06106328,72.39356273,40835,61785,61813,87,61813
13250,24.0611641,72.39358266,40858,61830,61859,87,61859
13260,24.06127434,72.3936044,40886,61879,61908,87,61908
13270,24.06137992,72.39362516,40920,61926,61955,87,61955
13280,24.06148302,72.39364516,40945,61972,62001,87,62001
13290,24.06159436,72.39366658,40971,62022,62051,87,62051
13300,24.0616958,72.39368602,40994,62067,62096,87,62096
13310,24.06180189,72.39370648,41017,62114,62144,87,62144
13320,24.0619076,72.39372695,41042,62161,62191,87,62191
13330,24.06200936,72.39374677,41064,62206,62236,87,62236
13340,24.06211544,72.39376741,41097,62254,62283,87,62283
13350,24.06220081,72.39378455,41117,62292,62321,87,62321
13360,24.06231119,72.39380624,41143,62341,62370,87,62370
13370,24.06241715,72.39382678,41166,62389,62417,87,62417
13380,24.0625205,72.39384676,41190,62434,62463,87,62463
13390,24.06262655,72.39386744,41214,62482,62510,87,62510
13400,24.06273242,72.39388812,41238,62529,62557,87,62557
13410,24.06283412,72.39390829,41261,62574,62602,87,62602
13420,24.06293737,72.39392846,41284,62620,62648,87,62648
13430,24.06304528,72.39395014,41308,62668,62696,87,62696
13440,24.06315125,72.39397137,41332,62715,62743,87,62743
13450,24.06326021,72.39399308,41365,62764,62791,87,62791
13460,24.06336544,72.39401381,41395,62811,62837,87,62837
13470,24.06347154,72.39403447,41427,62858,62885,87,62885
13480,24.063577,72.39405484,41465,62905,62931,87,62931
13490,24.06368705,72.39407716,41502,62954,62980,87,62980
13500,24.06379248,72.39409998,41534,63001,63027,87,63027
13510,24.06389765,72.39412326,41580,63048,63073,87,63073
13520,24.06400614,72.39414776,41623,63097,63122,87,63122
13530,24.06411475,72.39417381,41669,63146,63170,87,63170
13540,24.06422256,72.3942088,41718,63195,63219,87,63219
13550,24.06432803,72.39425089,41768,63244,63268,87,63268
13560,24.0644356,72.39428343,41816,63293,63317,87,63317
13570,24.06445989,72.39428805,41827,63304,63328,87,63328
13580,24.06446863,72.39428967,41831,63308,63332,87,63332
13590,24.06448662,72.39429299,41839,63316,63340,87,63340
13600,24.06449745,72.39429498,41844,63321,63345,87,63345
13610,24.06450717,72.39429675,41848,63325,63349,87,63349
13620,24.06451478,72.39429811,41852,63329,63353,87,63353
13630,24.06452152,72.39429929,41854,63331,63355,87,63355
13640,24.064628,72.39431708,41900,63379,63402,87,63402
13650,24.06473762,72.39433609,41949,63427,63451,87,63451
